{
    "Constants": {
        "Easting Bounds": [
            320977,
            320980
        ],
        "Northing Bounds": [
            4168144,
            4168147
        ],
        "Projection": "WGS84",
        "Vert Exag": 1.0,
        "UTC Offset": 8,
        "LatLong": [
            37.643,
            -119.029
        ],
        "Time Series Resolution (min)": 15,
        "Filepaths": {
            "Pointclouds": "/Users/charlesstern1/Dropbox/CUES2020/LIDAR2020/github/albedo/data/pointclouds",
            "Radiometers": "/Users/charlesstern1/Dropbox/CUES2020/LIDAR2020/github/albedo/data/radiometers"
        }
    },
    "Configuration": {
        "Date": "2018-11-26",
        "Raster": {
            "Resolution": 30,
            "Sigma": 0.5
        },
        "Geotransform": [
            0,
            0.1,
            0,
            0,
            0,
            0.1
        ],
        "Azimuth": {
            "Bins": [
                32,
                [
                    0.0,
                    11.612903225806452,
                    23.225806451612904,
                    34.83870967741936,
                    46.45161290322581,
                    58.064516129032256,
                    69.67741935483872,
                    81.29032258064517,
                    92.90322580645162,
                    104.51612903225806,
                    116.12903225806451,
                    127.74193548387098,
                    139.35483870967744,
                    150.96774193548387,
                    162.58064516129033,
                    174.19354838709677,
                    185.80645161290323,
                    197.4193548387097,
                    209.03225806451613,
                    220.6451612903226,
                    232.25806451612902,
                    243.8709677419355,
                    255.48387096774195,
                    267.0967741935484,
                    278.7096774193549,
                    290.3225806451613,
                    301.93548387096774,
                    313.5483870967742,
                    325.16129032258067,
                    336.77419354838713,
                    348.38709677419354,
                    360.0
                ]
            ]
        }
    }
}